InvoiceNo,StockCode,Description,Quantity,InvoiceDate,UnitPrice,CustomerID,Country
536000,84879,ASSORTED COLOUR BIRD ORNAMENT,11,2023-05-17 18:41:00,1.69,16467,United Kingdom
536000,47566,PARTY BUNTING,9,2023-05-06 10:29:00,4.95,14166,United Kingdom
536000,22411,JUMBO SHOPPER VINTAGE RED PAISLEY,12,2023-10-13 11:43:00,2.08,12837,United Kingdom
536000,84879,ASSORTED COLOUR BIRD ORNAMENT,1,2023-06-11 14:17:00,1.69,17543,United Kingdom
536001,21931,JUMBO STORAGE BAG SUKI,12,2023-06-11 11:41:00,2.08,17771,United Kingdom
536001,22411,JUMBO SHOPPER VINTAGE RED PAISLEY,8,2023-03-15 12:08:00,2.08,14278,United Kingdom
536001,22086,PAPER CHAIN KIT 50'S CHRISTMAS,5,2023-10-27 14:57:00,2.95,15714,United Kingdom
536001,84879,ASSORTED COLOUR BIRD ORNAMENT,3,2023-09-18 15:05:00,1.69,13143,France
536001,22411,JUMBO SHOPPER VINTAGE RED PAISLEY,3,2023-12-15 14:38:00,2.08,17543,United Kingdom
536002,21931,JUMBO STORAGE BAG SUKI,8,2023-09-28 12:35:00,2.08,12912,United Kingdom
536002,85123A,WHITE HANGING HEART T-LIGHT HOLDER,11,2023-10-02 12:49:00,2.95,15112,United Kingdom
536002,21212,PACK OF 72 RETROSPOT CAKE CASES,3,2023-08-21 08:46:00,0.55,13307,France
536002,22086,PAPER CHAIN KIT 50'S CHRISTMAS,2,2023-11-17 12:53:00,2.95,12569,United Kingdom
536002,47566,PARTY BUNTING,6,2023-03-24 16:49:00,4.95,13866,Netherlands
536003,22383,LUNCH BAG SUKI DESIGN,1,2023-02-27 13:56:00,1.65,13763,United Kingdom
536003,84879,ASSORTED COLOUR BIRD ORNAMENT,10,2023-02-10 09:46:00,1.69,13575,Australia
536003,47566,PARTY BUNTING,3,2023-12-04 15:35:00,4.95,16597,United Kingdom
536003,21931,JUMBO STORAGE BAG SUKI,7,2023-04-19 16:48:00,2.08,17745,United Kingdom
536003,21212,PACK OF 72 RETROSPOT CAKE CASES,11,2023-11-29 13:28:00,0.55,17417,United Kingdom
536004,84879,ASSORTED COLOUR BIRD ORNAMENT,4,2023-02-02 13:01:00,1.69,17207,United Kingdom
536004,21931,JUMBO STORAGE BAG SUKI,4,2023-01-04 09:45:00,2.08,12839,United Kingdom
536004,22423,REGENCY CAKESTAND 3 TIER,6,2023-02-06 16:15:00,12.75,15462,United Kingdom
536004,84879,ASSORTED COLOUR BIRD ORNAMENT,9,2023-03-09 17:36:00,1.69,14962,United Kingdom
536004,22383,LUNCH BAG SUKI DESIGN,7,2023-04-08 09:06:00,1.65,12645,United Kingdom
536005,21212,PACK OF 72 RETROSPOT CAKE CASES,8,2023-01-28 18:41:00,0.55,15456,United Kingdom
536005,23203,JUMBO BAG DOILEY PATTERNS,6,2023-02-25 11:12:00,2.08,17323,United Kingdom
536005,47566,PARTY BUNTING,7,2023-04-04 12:29:00,4.95,14278,Germany
536005,22383,LUNCH BAG SUKI DESIGN,9,2023-02-20 08:41:00,1.65,12653,Germany
536005,84879,ASSORTED COLOUR BIRD ORNAMENT,3,2023-07-28 15:30:00,1.69,15436,United Kingdom
536006,47566,PARTY BUNTING,7,2023-01-02 14:16:00,4.95,17149,United Kingdom
536006,23203,JUMBO BAG DOILEY PATTERNS,12,2023-10-12 18:45:00,2.08,13575,United Kingdom
536006,22720,SET OF 3 CAKE TINS PANTRY DESIGN,4,2023-01-30 17:47:00,4.95,12653,United Kingdom
536006,20725,LUNCH BAG RED RETROSPOT,1,2023-01-26 17:30:00,1.65,12569,Australia
536006,47566,PARTY BUNTING,1,2023-09-18 09:54:00,4.95,17865,United Kingdom
536007,85123A,WHITE HANGING HEART T-LIGHT HOLDER,11,2023-05-01 14:07:00,2.95,15113,United Kingdom
536007,21931,JUMBO STORAGE BAG SUKI,1,2023-11-14 09:26:00,2.08,15714,United Kingdom
536007,20725,LUNCH BAG RED RETROSPOT,5,2023-04-15 18:45:00,1.65,14757,United Kingdom
536007,21212,PACK OF 72 RETROSPOT CAKE CASES,3,2023-12-10 18:19:00,0.55,17149,United Kingdom
536007,85123A,WHITE HANGING HEART T-LIGHT HOLDER,1,2023-08-23 17:36:00,2.95,15456,United Kingdom
536008,84879,ASSORTED COLOUR BIRD ORNAMENT,9,2023-05-16 10:59:00,1.69,12792,EIRE
536008,20725,LUNCH BAG RED RETROSPOT,5,2023-03-22 15:53:00,1.65,12653,United Kingdom
536008,21931,JUMBO STORAGE BAG SUKI,11,2023-09-28 08:42:00,2.08,13907,United Kingdom
536008,22411,JUMBO SHOPPER VINTAGE RED PAISLEY,2,2023-03-10 12:07:00,2.08,12260,United Kingdom
536008,47566,PARTY BUNTING,5,2023-05-25 17:13:00,4.95,15112,United Kingdom
536009,22411,JUMBO SHOPPER VINTAGE RED PAISLEY,5,2023-09-16 15:16:00,2.08,13143,United Kingdom
536009,21212,PACK OF 72 RETROSPOT CAKE CASES,5,2023-01-23 08:21:00,0.55,13791,United Kingdom
536009,22720,SET OF 3 CAKE TINS PANTRY DESIGN,3,2023-08-15 16:45:00,4.95,15100,United Kingdom
536009,85123A,WHITE HANGING HEART T-LIGHT HOLDER,2,2023-12-20 10:34:00,2.95,14006,Australia
536009,47566,PARTY BUNTING,7,2023-03-07 08:19:00,4.95,14817,United Kingdom
536010,20725,LUNCH BAG RED RETROSPOT,4,2023-12-16 11:42:00,1.65,12260,United Kingdom
536010,22086,PAPER CHAIN KIT 50'S CHRISTMAS,7,2023-11-14 10:59:00,2.95,16827,France
536010,21212,PACK OF 72 RETROSPOT CAKE CASES,1,2023-04-02 13:50:00,0.55,16392,EIRE
536010,22720,SET OF 3 CAKE TINS PANTRY DESIGN,3,2023-12-26 09:24:00,4.95,14006,EIRE
536010,84879,ASSORTED COLOUR BIRD ORNAMENT,8,2023-06-29 12:52:00,1.69,15679,United Kingdom
536011,22411,JUMBO SHOPPER VINTAGE RED PAISLEY,4,2023-07-24 13:17:00,2.08,17543,Spain
536011,20725,LUNCH BAG RED RETROSPOT,11,2023-09-18 14:43:00,1.65,14370,United Kingdom
536011,22423,REGENCY CAKESTAND 3 TIER,2,2023-05-14 10:37:00,12.75,13307,United Kingdom
536011,21931,JUMBO STORAGE BAG SUKI,7,2023-06-26 13:27:00,2.08,13332,Germany
536011,21212,PACK OF 72 RETROSPOT CAKE CASES,10,2023-04-08 12:02:00,0.55,12645,United Kingdom
536012,22086,PAPER CHAIN KIT 50'S CHRISTMAS,11,2023-12-10 11:23:00,2.95,12645,United Kingdom
536012,22411,JUMBO SHOPPER VINTAGE RED PAISLEY,6,2023-11-16 13:42:00,2.08,12767,United Kingdom
536012,22720,SET OF 3 CAKE TINS PANTRY DESIGN,9,2023-06-08 18:26:00,4.95,12837,United Kingdom
536012,22720,SET OF 3 CAKE TINS PANTRY DESIGN,9,2023-03-07 11:26:00,4.95,14166,United Kingdom
536012,47566,PARTY BUNTING,10,2023-10-19 12:25:00,4.95,13907,Spain
536013,22720,SET OF 3 CAKE TINS PANTRY DESIGN,4,2023-08-09 17:38:00,4.95,12837,United Kingdom
536013,22383,LUNCH BAG SUKI DESIGN,11,2023-04-20 16:30:00,1.65,16597,United Kingdom
536013,22720,SET OF 3 CAKE TINS PANTRY DESIGN,9,2023-12-06 18:39:00,4.95,12759,United Kingdom
536013,84879,ASSORTED COLOUR BIRD ORNAMENT,11,2023-06-08 11:51:00,1.69,17745,United Kingdom
536013,22423,REGENCY CAKESTAND 3 TIER,4,2023-09-01 17:54:00,12.75,16467,United Kingdom
536014,22411,JUMBO SHOPPER VINTAGE RED PAISLEY,10,2023-04-10 14:31:00,2.08,15763,United Kingdom
536014,22411,JUMBO SHOPPER VINTAGE RED PAISLEY,12,2023-01-03 09:49:00,2.08,15100,United Kingdom
536014,23203,JUMBO BAG DOILEY PATTERNS,9,2023-08-26 08:35:00,2.08,14278,Germany
536014,22383,LUNCH BAG SUKI DESIGN,3,2023-08-26 18:33:00,1.65,12827,United Kingdom
536014,22383,LUNCH BAG SUKI DESIGN,10,2023-09-16 14:53:00,1.65,13907,United Kingdom
536015,47566,PARTY BUNTING,12,2023-09-01 15:16:00,4.95,14278,Spain
536015,22086,PAPER CHAIN KIT 50'S CHRISTMAS,8,2023-11-17 11:17:00,2.95,16522,United Kingdom
536015,22720,SET OF 3 CAKE TINS PANTRY DESIGN,4,2023-05-20 13:20:00,4.95,12653,United Kingdom
536015,47566,PARTY BUNTING,4,2023-07-16 10:45:00,4.95,15436,United Kingdom
536015,21212,PACK OF 72 RETROSPOT CAKE CASES,6,2023-10-05 15:26:00,0.55,12839,United Kingdom
536016,21212,PACK OF 72 RETROSPOT CAKE CASES,7,2023-10-27 08:54:00,0.55,14277,United Kingdom
536016,22423,REGENCY CAKESTAND 3 TIER,6,2023-06-02 14:54:00,12.75,13022,United Kingdom
536016,23203,JUMBO BAG DOILEY PATTERNS,9,2023-11-05 11:31:00,2.08,13805,United Kingdom
536016,22383,LUNCH BAG SUKI DESIGN,1,2023-07-19 13:42:00,1.65,15763,United Kingdom
536016,22383,LUNCH BAG SUKI DESIGN,3,2023-11-15 16:01:00,1.65,17977,United Kingdom
536017,22411,JUMBO SHOPPER VINTAGE RED PAISLEY,1,2023-02-12 18:27:00,2.08,13905,France
536017,22423,REGENCY CAKESTAND 3 TIER,5,2023-07-14 13:13:00,12.75,17149,United Kingdom
536017,21212,PACK OF 72 RETROSPOT CAKE CASES,5,2023-08-04 12:53:00,0.55,12712,United Kingdom
536017,23203,JUMBO BAG DOILEY PATTERNS,9,2023-01-27 13:14:00,2.08,17543,United Kingdom
536017,22411,JUMBO SHOPPER VINTAGE RED PAISLEY,1,2023-01-16 11:12:00,2.08,12204,United Kingdom
536018,84879,ASSORTED COLOUR BIRD ORNAMENT,3,2023-08-31 18:07:00,1.69,15113,Switzerland
536018,23203,JUMBO BAG DOILEY PATTERNS,5,2023-07-08 10:38:00,2.08,13332,Germany
536018,47566,PARTY BUNTING,5,2023-02-25 17:01:00,4.95,13763,United Kingdom
536018,21212,PACK OF 72 RETROSPOT CAKE CASES,7,2023-04-12 09:37:00,0.55,14278,United Kingdom
536018,22720,SET OF 3 CAKE TINS PANTRY DESIGN,11,2023-11-04 09:50:00,4.95,15113,United Kingdom
536019,20725,LUNCH BAG RED RETROSPOT,9,2023-08-08 18:23:00,1.65,17543,United Kingdom
536019,20725,LUNCH BAG RED RETROSPOT,1,2023-08-04 15:06:00,1.65,12645,Switzerland
536019,23203,JUMBO BAG DOILEY PATTERNS,3,2023-08-11 10:46:00,2.08,17417,Spain
536019,21931,JUMBO STORAGE BAG SUKI,9,2023-09-05 15:27:00,2.08,17207,United Kingdom
536019,84879,ASSORTED COLOUR BIRD ORNAMENT,2,2023-05-23 15:15:00,1.69,17066,United Kingdom
536020,22411,JUMBO SHOPPER VINTAGE RED PAISLEY,7,2023-06-22 08:31:00,2.08,12837,United Kingdom
536020,84879,ASSORTED COLOUR BIRD ORNAMENT,6,2023-05-13 13:17:00,1.69,14988,United Kingdom
536020,22720,SET OF 3 CAKE TINS PANTRY DESIGN,9,2023-01-06 16:12:00,4.95,12712,United Kingdom
536020,21212,PACK OF 72 RETROSPOT CAKE CASES,8,2023-10-12 11:44:00,0.55,14962,United Kingdom
536020,22383,LUNCH BAG SUKI DESIGN,8,2023-01-09 09:18:00,1.65,13805,United Kingdom
536021,84879,ASSORTED COLOUR BIRD ORNAMENT,5,2023-12-06 17:23:00,1.69,14962,United Kingdom
536021,20725,LUNCH BAG RED RETROSPOT,7,2023-10-09 13:22:00,1.65,17149,United Kingdom
536021,22720,SET OF 3 CAKE TINS PANTRY DESIGN,4,2023-03-03 11:20:00,4.95,12767,United Kingdom
536021,23203,JUMBO BAG DOILEY PATTERNS,3,2023-04-09 11:47:00,2.08,16729,United Kingdom
536021,21931,JUMBO STORAGE BAG SUKI,9,2023-11-02 12:06:00,2.08,17323,United Kingdom
536022,20725,LUNCH BAG RED RETROSPOT,3,2023-06-04 08:45:00,1.65,14370,United Kingdom
536022,22423,REGENCY CAKESTAND 3 TIER,1,2023-10-11 12:44:00,12.75,13791,United Kingdom
536022,22383,LUNCH BAG SUKI DESIGN,2,2023-01-07 17:18:00,1.65,14962,United Kingdom
536022,20725,LUNCH BAG RED RETROSPOT,3,2023-01-27 12:55:00,1.65,16729,United Kingdom
536022,85123A,WHITE HANGING HEART T-LIGHT HOLDER,7,2023-09-09 09:36:00,2.95,13143,United Kingdom
536023,21931,JUMBO STORAGE BAG SUKI,5,2023-02-13 11:07:00,2.08,12827,United Kingdom
536023,21931,JUMBO STORAGE BAG SUKI,10,2023-11-13 11:49:00,2.08,17417,United Kingdom
536023,22383,LUNCH BAG SUKI DESIGN,5,2023-10-29 14:19:00,1.65,15113,United Kingdom
536023,21931,JUMBO STORAGE BAG SUKI,12,2023-02-20 11:40:00,2.08,15436,United Kingdom
536023,85123A,WHITE HANGING HEART T-LIGHT HOLDER,3,2023-05-03 10:35:00,2.95,16467,United Kingdom
536024,21212,PACK OF 72 RETROSPOT CAKE CASES,8,2023-12-19 17:30:00,0.55,14276,United Kingdom
536024,22720,SET OF 3 CAKE TINS PANTRY DESIGN,12,2023-05-25 15:04:00,4.95,15679,EIRE
536024,21212,PACK OF 72 RETROSPOT CAKE CASES,2,2023-10-06 11:41:00,0.55,16931,France
536024,85123A,WHITE HANGING HEART T-LIGHT HOLDER,1,2023-03-26 12:38:00,2.95,15113,Switzerland
536024,85123A,WHITE HANGING HEART T-LIGHT HOLDER,8,2023-12-19 12:44:00,2.95,15763,Australia
536025,22086,PAPER CHAIN KIT 50'S CHRISTMAS,8,2023-08-13 09:38:00,2.95,13828,Netherlands
536025,21931,JUMBO STORAGE BAG SUKI,5,2023-01-14 09:14:00,2.08,14277,United Kingdom
536025,22423,REGENCY CAKESTAND 3 TIER,11,2023-05-18 17:02:00,12.75,13628,United Kingdom
536025,22411,JUMBO SHOPPER VINTAGE RED PAISLEY,8,2023-05-23 10:37:00,2.08,12645,United Kingdom
536025,22383,LUNCH BAG SUKI DESIGN,2,2023-08-29 13:26:00,1.65,12759,United Kingdom
536026,85123A,WHITE HANGING HEART T-LIGHT HOLDER,3,2023-06-18 14:44:00,2.95,17771,United Kingdom
536026,21212,PACK OF 72 RETROSPOT CAKE CASES,9,2023-01-19 15:05:00,0.55,14757,United Kingdom
536026,85123A,WHITE HANGING HEART T-LIGHT HOLDER,7,2023-09-21 08:42:00,2.95,12653,United Kingdom
536026,22423,REGENCY CAKESTAND 3 TIER,4,2023-09-23 13:39:00,12.75,17771,United Kingdom
536026,22423,REGENCY CAKESTAND 3 TIER,4,2023-05-17 16:08:00,12.75,14787,United Kingdom
536027,23203,JUMBO BAG DOILEY PATTERNS,8,2023-03-04 08:40:00,2.08,13332,United Kingdom
536027,23203,JUMBO BAG DOILEY PATTERNS,3,2023-06-09 16:00:00,2.08,13907,United Kingdom
536027,84879,ASSORTED COLOUR BIRD ORNAMENT,2,2023-08-25 09:41:00,1.69,16931,United Kingdom
536027,23203,JUMBO BAG DOILEY PATTERNS,5,2023-09-18 12:26:00,2.08,16729,EIRE
536027,22383,LUNCH BAG SUKI DESIGN,9,2023-03-16 14:12:00,1.65,14988,United Kingdom
536028,47566,PARTY BUNTING,2,2023-05-22 14:21:00,4.95,12569,United Kingdom
536028,22423,REGENCY CAKESTAND 3 TIER,5,2023-06-02 17:37:00,12.75,13575,Switzerland
536028,22086,PAPER CHAIN KIT 50'S CHRISTMAS,8,2023-06-26 13:35:00,2.95,12653,United Kingdom
536028,20725,LUNCH BAG RED RETROSPOT,4,2023-12-24 11:36:00,1.65,12355,United Kingdom
536028,21212,PACK OF 72 RETROSPOT CAKE CASES,1,2023-06-12 15:45:00,0.55,14166,United Kingdom
536029,22411,JUMBO SHOPPER VINTAGE RED PAISLEY,11,2023-03-19 15:02:00,2.08,13791,United Kingdom
536029,21931,JUMBO STORAGE BAG SUKI,6,2023-02-21 15:06:00,2.08,13866,United Kingdom
536029,23203,JUMBO BAG DOILEY PATTERNS,3,2023-07-29 18:09:00,2.08,16467,United Kingdom
536029,22720,SET OF 3 CAKE TINS PANTRY DESIGN,6,2023-11-16 14:41:00,4.95,12712,Australia
536029,21212,PACK OF 72 RETROSPOT CAKE CASES,6,2023-11-17 15:55:00,0.55,12653,United Kingdom
536030,85123A,WHITE HANGING HEART T-LIGHT HOLDER,4,2023-11-20 18:58:00,2.95,14787,Germany
536030,21212,PACK OF 72 RETROSPOT CAKE CASES,2,2023-11-21 09:28:00,0.55,16597,United Kingdom
536030,22423,REGENCY CAKESTAND 3 TIER,1,2023-06-16 08:18:00,12.75,14940,United Kingdom
536030,47566,PARTY BUNTING,4,2023-09-29 14:36:00,4.95,17865,United Kingdom
536030,85123A,WHITE HANGING HEART T-LIGHT HOLDER,10,2023-07-15 17:43:00,2.95,16827,United Kingdom
536031,21931,JUMBO STORAGE BAG SUKI,3,2023-04-29 15:40:00,2.08,12053,United Kingdom
536031,22411,JUMBO SHOPPER VINTAGE RED PAISLEY,1,2023-08-27 12:43:00,2.08,12653,United Kingdom
536031,22383,LUNCH BAG SUKI DESIGN,6,2023-10-28 12:40:00,1.65,15100,United Kingdom
536031,22383,LUNCH BAG SUKI DESIGN,5,2023-04-12 14:54:00,1.65,16729,United Kingdom
536031,21212,PACK OF 72 RETROSPOT CAKE CASES,10,2023-07-03 17:18:00,0.55,14276,United Kingdom
536032,22411,JUMBO SHOPPER VINTAGE RED PAISLEY,7,2023-05-21 08:36:00,2.08,13143,Switzerland
536032,22720,SET OF 3 CAKE TINS PANTRY DESIGN,4,2023-11-07 13:14:00,4.95,17323,United Kingdom
536032,22411,JUMBO SHOPPER VINTAGE RED PAISLEY,12,2023-12-04 18:53:00,2.08,13905,United Kingdom
536032,22411,JUMBO SHOPPER VINTAGE RED PAISLEY,11,2023-01-21 12:50:00,2.08,16522,United Kingdom
536032,20725,LUNCH BAG RED RETROSPOT,12,2023-03-09 09:58:00,1.65,14276,United Kingdom
536033,21212,PACK OF 72 RETROSPOT CAKE CASES,3,2023-04-13 10:50:00,0.55,12653,Netherlands
536033,22086,PAPER CHAIN KIT 50'S CHRISTMAS,9,2023-05-20 10:16:00,2.95,16729,Spain
536033,23203,JUMBO BAG DOILEY PATTERNS,6,2023-02-28 15:04:00,2.08,16139,United Kingdom
536033,84879,ASSORTED COLOUR BIRD ORNAMENT,11,2023-12-12 14:54:00,1.69,12827,United Kingdom
536033,21212,PACK OF 72 RETROSPOT CAKE CASES,1,2023-05-16 16:07:00,0.55,17149,United Kingdom
536034,23203,JUMBO BAG DOILEY PATTERNS,11,2023-05-15 17:24:00,2.08,16945,United Kingdom
536034,84879,ASSORTED COLOUR BIRD ORNAMENT,8,2023-01-13 17:56:00,1.69,12827,United Kingdom
536034,21931,JUMBO STORAGE BAG SUKI,4,2023-11-28 09:40:00,2.08,17066,Spain
536034,22411,JUMBO SHOPPER VINTAGE RED PAISLEY,7,2023-03-01 10:02:00,2.08,14006,United Kingdom
536034,22383,LUNCH BAG SUKI DESIGN,2,2023-02-19 11:56:00,1.65,14370,United Kingdom
536035,22383,LUNCH BAG SUKI DESIGN,6,2023-12-10 16:26:00,1.65,17207,United Kingdom
536035,47566,PARTY BUNTING,7,2023-12-02 09:53:00,4.95,13575,United Kingdom
536035,22720,SET OF 3 CAKE TINS PANTRY DESIGN,1,2023-12-20 13:13:00,4.95,16522,United Kingdom
536035,84879,ASSORTED COLOUR BIRD ORNAMENT,6,2023-02-20 18:23:00,1.69,12653,Netherlands
536035,22423,REGENCY CAKESTAND 3 TIER,7,2023-05-22 11:07:00,12.75,17149,United Kingdom
536036,84879,ASSORTED COLOUR BIRD ORNAMENT,11,2023-11-24 17:01:00,1.69,13143,United Kingdom
536036,84879,ASSORTED COLOUR BIRD ORNAMENT,3,2023-10-17 11:04:00,1.69,13907,United Kingdom
536036,84879,ASSORTED COLOUR BIRD ORNAMENT,4,2023-06-18 10:50:00,1.69,14988,United Kingdom
536036,47566,PARTY BUNTING,3,2023-10-04 12:51:00,4.95,13628,United Kingdom
536036,22423,REGENCY CAKESTAND 3 TIER,3,2023-01-08 13:50:00,12.75,16827,United Kingdom
536037,22423,REGENCY CAKESTAND 3 TIER,3,2023-05-16 08:08:00,12.75,13022,United Kingdom
536037,23203,JUMBO BAG DOILEY PATTERNS,2,2023-09-01 15:49:00,2.08,14817,United Kingdom
536037,85123A,WHITE HANGING HEART T-LIGHT HOLDER,8,2023-09-15 11:39:00,2.95,13828,United Kingdom
536037,22411,JUMBO SHOPPER VINTAGE RED PAISLEY,9,2023-06-04 15:41:00,2.08,14253,United Kingdom
536037,22383,LUNCH BAG SUKI DESIGN,7,2023-08-07 18:06:00,1.65,13575,United Kingdom
536038,22383,LUNCH BAG SUKI DESIGN,2,2023-02-11 13:38:00,1.65,16139,United Kingdom
536038,22720,SET OF 3 CAKE TINS PANTRY DESIGN,10,2023-11-21 17:35:00,4.95,12837,United Kingdom
536038,21931,JUMBO STORAGE BAG SUKI,9,2023-05-31 15:32:00,2.08,13332,United Kingdom
536038,23203,JUMBO BAG DOILEY PATTERNS,2,2023-12-02 18:56:00,2.08,13907,United Kingdom
536038,84879,ASSORTED COLOUR BIRD ORNAMENT,7,2023-08-20 11:26:00,1.69,15112,Belgium
536039,21212,PACK OF 72 RETROSPOT CAKE CASES,12,2023-02-18 13:27:00,0.55,14757,United Kingdom
536039,20725,LUNCH BAG RED RETROSPOT,3,2023-12-18 15:04:00,1.65,16837,Germany
536039,21212,PACK OF 72 RETROSPOT CAKE CASES,2,2023-07-10 10:35:00,0.55,12839,United Kingdom
536039,22086,PAPER CHAIN KIT 50'S CHRISTMAS,9,2023-06-18 18:07:00,2.95,16392,United Kingdom
536039,22411,JUMBO SHOPPER VINTAGE RED PAISLEY,7,2023-01-27 12:38:00,2.08,13763,United Kingdom
536040,21931,JUMBO STORAGE BAG SUKI,9,2023-04-19 10:42:00,2.08,16729,United Kingdom
536040,85123A,WHITE HANGING HEART T-LIGHT HOLDER,6,2023-10-12 13:07:00,2.95,15462,United Kingdom
536040,21212,PACK OF 72 RETROSPOT CAKE CASES,9,2023-11-15 17:43:00,0.55,12827,United Kingdom
536040,22411,JUMBO SHOPPER VINTAGE RED PAISLEY,12,2023-05-17 08:11:00,2.08,17719,United Kingdom
536040,22720,SET OF 3 CAKE TINS PANTRY DESIGN,6,2023-06-29 08:11:00,4.95,16139,United Kingdom
536041,21212,PACK OF 72 RETROSPOT CAKE CASES,2,2023-03-14 18:01:00,0.55,16837,United Kingdom
536041,84879,ASSORTED COLOUR BIRD ORNAMENT,7,2023-08-03 15:21:00,1.69,12217,United Kingdom
536041,23203,JUMBO BAG DOILEY PATTERNS,6,2023-10-18 17:05:00,2.08,13143,United Kingdom
536041,21931,JUMBO STORAGE BAG SUKI,1,2023-12-12 09:17:00,2.08,16522,United Kingdom
536041,22383,LUNCH BAG SUKI DESIGN,10,2023-08-15 14:17:00,1.65,15436,United Kingdom
536042,85123A,WHITE HANGING HEART T-LIGHT HOLDER,6,2023-08-09 09:18:00,2.95,17207,United Kingdom
536042,22411,JUMBO SHOPPER VINTAGE RED PAISLEY,5,2023-01-24 11:25:00,2.08,14988,United Kingdom
536042,84879,ASSORTED COLOUR BIRD ORNAMENT,5,2023-04-19 10:48:00,1.69,12053,United Kingdom
536042,85123A,WHITE HANGING HEART T-LIGHT HOLDER,1,2023-09-12 14:11:00,2.95,13791,United Kingdom
536042,23203,JUMBO BAG DOILEY PATTERNS,4,2023-09-14 16:53:00,2.08,14940,United Kingdom
536043,23203,JUMBO BAG DOILEY PATTERNS,1,2023-08-12 08:29:00,2.08,16467,Belgium
536043,21931,JUMBO STORAGE BAG SUKI,7,2023-11-24 14:18:00,2.08,12244,United Kingdom
536043,20725,LUNCH BAG RED RETROSPOT,3,2023-11-13 15:53:00,1.65,14817,United Kingdom
536043,85123A,WHITE HANGING HEART T-LIGHT HOLDER,4,2023-08-12 17:25:00,2.95,13866,United Kingdom
536043,22720,SET OF 3 CAKE TINS PANTRY DESIGN,12,2023-06-23 11:21:00,4.95,16597,United Kingdom
536044,22411,JUMBO SHOPPER VINTAGE RED PAISLEY,2,2023-09-29 16:12:00,2.08,12792,United Kingdom
536044,22411,JUMBO SHOPPER VINTAGE RED PAISLEY,3,2023-05-01 09:09:00,2.08,12053,United Kingdom
536044,21931,JUMBO STORAGE BAG SUKI,3,2023-12-02 09:11:00,2.08,17771,United Kingdom
536044,21931,JUMBO STORAGE BAG SUKI,10,2023-08-18 18:59:00,2.08,15113,United Kingdom
536044,21931,JUMBO STORAGE BAG SUKI,6,2023-11-18 13:09:00,2.08,16522,United Kingdom
536045,22383,LUNCH BAG SUKI DESIGN,11,2023-06-05 12:37:00,1.65,12839,United Kingdom
536045,85123A,WHITE HANGING HEART T-LIGHT HOLDER,5,2023-08-25 15:02:00,2.95,12839,United Kingdom
536045,22720,SET OF 3 CAKE TINS PANTRY DESIGN,2,2023-11-27 09:39:00,4.95,14988,United Kingdom
536045,22383,LUNCH BAG SUKI DESIGN,10,2023-10-11 08:28:00,1.65,14277,United Kingdom
536045,20725,LUNCH BAG RED RETROSPOT,10,2023-09-01 16:09:00,1.65,12839,United Kingdom
536046,20725,LUNCH BAG RED RETROSPOT,12,2023-02-13 16:41:00,1.65,13628,United Kingdom
536046,23203,JUMBO BAG DOILEY PATTERNS,8,2023-08-13 16:33:00,2.08,15032,United Kingdom
536046,20725,LUNCH BAG RED RETROSPOT,5,2023-07-18 14:49:00,1.65,15112,United Kingdom
536046,22423,REGENCY CAKESTAND 3 TIER,11,2023-11-28 13:04:00,12.75,12759,United Kingdom
536046,22411,JUMBO SHOPPER VINTAGE RED PAISLEY,7,2023-05-26 12:46:00,2.08,13332,Netherlands
536047,85123A,WHITE HANGING HEART T-LIGHT HOLDER,10,2023-12-06 10:58:00,2.95,12792,United Kingdom
536047,22411,JUMBO SHOPPER VINTAGE RED PAISLEY,12,2023-12-06 14:08:00,2.08,14988,United Kingdom
536047,85123A,WHITE HANGING HEART T-LIGHT HOLDER,5,2023-10-14 14:41:00,2.95,12759,Australia
536047,85123A,WHITE HANGING HEART T-LIGHT HOLDER,11,2023-12-10 14:32:00,2.95,14817,United Kingdom
536047,22720,SET OF 3 CAKE TINS PANTRY DESIGN,3,2023-04-20 13:49:00,4.95,13575,United Kingdom
536048,47566,PARTY BUNTING,3,2023-02-09 12:54:00,4.95,15456,United Kingdom
536048,22086,PAPER CHAIN KIT 50'S CHRISTMAS,12,2023-09-27 08:42:00,2.95,15112,France
536048,21931,JUMBO STORAGE BAG SUKI,7,2023-03-20 10:11:00,2.08,14910,France
536048,23203,JUMBO BAG DOILEY PATTERNS,8,2023-01-23 14:23:00,2.08,16827,Spain
536048,23203,JUMBO BAG DOILEY PATTERNS,8,2023-04-30 16:15:00,2.08,13763,Switzerland
536049,84879,ASSORTED COLOUR BIRD ORNAMENT,6,2023-12-14 17:28:00,1.69,17066,United Kingdom
536049,21212,PACK OF 72 RETROSPOT CAKE CASES,9,2023-09-28 14:10:00,0.55,17745,France
536049,22720,SET OF 3 CAKE TINS PANTRY DESIGN,1,2023-11-25 15:55:00,4.95,16945,United Kingdom
536049,85123A,WHITE HANGING HEART T-LIGHT HOLDER,12,2023-09-22 09:18:00,2.95,12712,United Kingdom
536049,22720,SET OF 3 CAKE TINS PANTRY DESIGN,8,2023-09-20 10:53:00,4.95,12645,United Kingdom
536050,84879,ASSORTED COLOUR BIRD ORNAMENT,8,2023-06-28 08:26:00,1.69,13143,United Kingdom
536050,20725,LUNCH BAG RED RETROSPOT,4,2023-07-17 09:23:00,1.65,13805,United Kingdom
536050,85123A,WHITE HANGING HEART T-LIGHT HOLDER,12,2023-11-29 13:50:00,2.95,16139,United Kingdom
536050,22720,SET OF 3 CAKE TINS PANTRY DESIGN,8,2023-12-23 10:48:00,4.95,14962,United Kingdom
536050,22423,REGENCY CAKESTAND 3 TIER,2,2023-01-10 12:13:00,12.75,16931,United Kingdom
536051,23203,JUMBO BAG DOILEY PATTERNS,10,2023-09-28 14:07:00,2.08,14787,United Kingdom
536051,85123A,WHITE HANGING HEART T-LIGHT HOLDER,1,2023-05-03 14:40:00,2.95,14910,United Kingdom
536051,85123A,WHITE HANGING HEART T-LIGHT HOLDER,8,2023-11-02 16:01:00,2.95,12375,United Kingdom
536051,23203,JUMBO BAG DOILEY PATTERNS,3,2023-05-30 14:00:00,2.08,15032,United Kingdom
536051,21931,JUMBO STORAGE BAG SUKI,7,2023-04-06 18:42:00,2.08,12712,United Kingdom
536052,20725,LUNCH BAG RED RETROSPOT,2,2023-09-27 16:32:00,1.65,12569,United Kingdom
536052,21212,PACK OF 72 RETROSPOT CAKE CASES,8,2023-01-23 18:24:00,0.55,16945,United Kingdom
536052,22423,REGENCY CAKESTAND 3 TIER,6,2023-02-04 13:15:00,12.75,12260,United Kingdom
536052,23203,JUMBO BAG DOILEY PATTERNS,6,2023-03-10 08:22:00,2.08,12653,United Kingdom
536052,22411,JUMBO SHOPPER VINTAGE RED PAISLEY,3,2023-12-17 15:44:00,2.08,16729,United Kingdom
536053,47566,PARTY BUNTING,2,2023-08-23 08:18:00,4.95,17745,United Kingdom
536053,84879,ASSORTED COLOUR BIRD ORNAMENT,1,2023-06-11 12:32:00,1.69,17977,Australia
536053,22383,LUNCH BAG SUKI DESIGN,5,2023-01-19 18:12:00,1.65,14787,United Kingdom
536053,22423,REGENCY CAKESTAND 3 TIER,11,2023-06-19 12:07:00,12.75,16945,United Kingdom
536053,21212,PACK OF 72 RETROSPOT CAKE CASES,12,2023-08-14 14:21:00,0.55,17865,United Kingdom
536054,22383,LUNCH BAG SUKI DESIGN,6,2023-09-23 12:51:00,1.65,12712,United Kingdom
536054,85123A,WHITE HANGING HEART T-LIGHT HOLDER,7,2023-11-05 10:34:00,2.95,14276,United Kingdom
536054,85123A,WHITE HANGING HEART T-LIGHT HOLDER,6,2023-12-05 12:19:00,2.95,14401,United Kingdom
536054,21212,PACK OF 72 RETROSPOT CAKE CASES,3,2023-12-20 15:22:00,0.55,14401,United Kingdom
536054,20725,LUNCH BAG RED RETROSPOT,10,2023-08-11 12:40:00,1.65,12839,United Kingdom
536055,22411,JUMBO SHOPPER VINTAGE RED PAISLEY,7,2023-07-06 16:51:00,2.08,12217,France
536055,21931,JUMBO STORAGE BAG SUKI,11,2023-08-13 08:08:00,2.08,17543,United Kingdom
536055,22411,JUMBO SHOPPER VINTAGE RED PAISLEY,6,2023-07-05 14:36:00,2.08,14006,United Kingdom
536055,22411,JUMBO SHOPPER VINTAGE RED PAISLEY,8,2023-07-09 13:28:00,2.08,16467,United Kingdom
536055,22086,PAPER CHAIN KIT 50'S CHRISTMAS,6,2023-07-23 13:41:00,2.95,15462,United Kingdom
536056,85123A,WHITE HANGING HEART T-LIGHT HOLDER,1,2023-04-06 15:33:00,2.95,12355,Germany
536056,22720,SET OF 3 CAKE TINS PANTRY DESIGN,5,2023-12-27 15:13:00,4.95,15032,United Kingdom
536056,22383,LUNCH BAG SUKI DESIGN,4,2023-03-04 10:54:00,1.65,16467,United Kingdom
536056,23203,JUMBO BAG DOILEY PATTERNS,8,2023-02-14 18:54:00,2.08,14757,United Kingdom
536056,23203,JUMBO BAG DOILEY PATTERNS,2,2023-10-09 16:18:00,2.08,13273,France
536057,20725,LUNCH BAG RED RETROSPOT,9,2023-04-25 09:12:00,1.65,13905,United Kingdom
536057,22383,LUNCH BAG SUKI DESIGN,1,2023-07-04 16:36:00,1.65,16945,United Kingdom
536057,22086,PAPER CHAIN KIT 50'S CHRISTMAS,3,2023-11-10 09:04:00,2.95,13763,United Kingdom
536057,23203,JUMBO BAG DOILEY PATTERNS,12,2023-09-03 16:26:00,2.08,16392,Germany
536057,47566,PARTY BUNTING,6,2023-11-25 09:28:00,4.95,17066,United Kingdom
536058,20725,LUNCH BAG RED RETROSPOT,3,2023-10-10 18:37:00,1.65,17865,United Kingdom
536058,47566,PARTY BUNTING,7,2023-09-15 08:53:00,4.95,12767,United Kingdom
536058,22720,SET OF 3 CAKE TINS PANTRY DESIGN,3,2023-03-24 13:59:00,4.95,13805,United Kingdom
536058,22086,PAPER CHAIN KIT 50'S CHRISTMAS,5,2023-02-10 12:12:00,2.95,13907,United Kingdom
536058,22411,JUMBO SHOPPER VINTAGE RED PAISLEY,5,2023-11-11 16:05:00,2.08,12569,United Kingdom
536059,21931,JUMBO STORAGE BAG SUKI,10,2023-03-20 10:42:00,2.08,14910,United Kingdom
536059,21931,JUMBO STORAGE BAG SUKI,6,2023-10-16 08:52:00,2.08,14253,United Kingdom
536059,22411,JUMBO SHOPPER VINTAGE RED PAISLEY,10,2023-05-16 18:13:00,2.08,14277,United Kingdom
536059,22411,JUMBO SHOPPER VINTAGE RED PAISLEY,1,2023-09-12 18:34:00,2.08,14276,United Kingdom
536059,22720,SET OF 3 CAKE TINS PANTRY DESIGN,8,2023-05-06 18:25:00,4.95,13273,United Kingdom
536060,23203,JUMBO BAG DOILEY PATTERNS,1,2023-03-22 15:26:00,2.08,16729,United Kingdom
536060,20725,LUNCH BAG RED RETROSPOT,10,2023-03-15 13:55:00,1.65,14757,United Kingdom
536060,20725,LUNCH BAG RED RETROSPOT,7,2023-03-08 13:32:00,1.65,12827,United Kingdom
536060,84879,ASSORTED COLOUR BIRD ORNAMENT,8,2023-03-04 12:28:00,1.69,14278,United Kingdom
536060,22423,REGENCY CAKESTAND 3 TIER,5,2023-07-16 17:26:00,12.75,14278,France
536061,20725,LUNCH BAG RED RETROSPOT,10,2023-06-10 11:48:00,1.65,12217,United Kingdom
536061,22086,PAPER CHAIN KIT 50'S CHRISTMAS,8,2023-09-13 12:31:00,2.95,12204,United Kingdom
536061,21212,PACK OF 72 RETROSPOT CAKE CASES,9,2023-08-23 11:13:00,0.55,15714,United Kingdom
536061,22423,REGENCY CAKESTAND 3 TIER,5,2023-09-11 17:56:00,12.75,14962,United Kingdom
536061,22423,REGENCY CAKESTAND 3 TIER,2,2023-08-09 10:56:00,12.75,13307,United Kingdom
536062,21212,PACK OF 72 RETROSPOT CAKE CASES,6,2023-01-24 14:03:00,0.55,15113,United Kingdom
536062,20725,LUNCH BAG RED RETROSPOT,9,2023-05-28 09:24:00,1.65,12569,United Kingdom
536062,22086,PAPER CHAIN KIT 50'S CHRISTMAS,5,2023-11-16 18:39:00,2.95,12767,United Kingdom
536062,85123A,WHITE HANGING HEART T-LIGHT HOLDER,7,2023-07-11 13:35:00,2.95,14817,United Kingdom
536062,84879,ASSORTED COLOUR BIRD ORNAMENT,10,2023-09-18 14:32:00,1.69,13828,United Kingdom
536063,47566,PARTY BUNTING,12,2023-06-20 15:33:00,4.95,17149,United Kingdom
536063,22086,PAPER CHAIN KIT 50'S CHRISTMAS,3,2023-06-17 17:20:00,2.95,12217,United Kingdom
536063,21931,JUMBO STORAGE BAG SUKI,12,2023-06-03 17:21:00,2.08,12569,Australia
536063,22383,LUNCH BAG SUKI DESIGN,12,2023-10-16 12:30:00,1.65,12204,United Kingdom
536063,22411,JUMBO SHOPPER VINTAGE RED PAISLEY,2,2023-08-02 17:19:00,2.08,14253,United Kingdom
536064,22720,SET OF 3 CAKE TINS PANTRY DESIGN,11,2023-10-24 17:14:00,4.95,13143,United Kingdom
536064,47566,PARTY BUNTING,9,2023-11-19 17:49:00,4.95,14166,United Kingdom
536064,22411,JUMBO SHOPPER VINTAGE RED PAISLEY,4,2023-01-17 17:44:00,2.08,12244,United Kingdom
536064,22383,LUNCH BAG SUKI DESIGN,6,2023-08-03 10:26:00,1.65,16464,United Kingdom
536064,21931,JUMBO STORAGE BAG SUKI,8,2023-02-01 10:33:00,2.08,16464,United Kingdom
536065,22411,JUMBO SHOPPER VINTAGE RED PAISLEY,8,2023-09-27 14:20:00,2.08,13628,United Kingdom
536065,22086,PAPER CHAIN KIT 50'S CHRISTMAS,6,2023-10-07 13:43:00,2.95,13307,United Kingdom
536065,84879,ASSORTED COLOUR BIRD ORNAMENT,4,2023-05-23 16:19:00,1.69,13805,Spain
536065,22720,SET OF 3 CAKE TINS PANTRY DESIGN,12,2023-04-17 15:20:00,4.95,16729,United Kingdom
536065,23203,JUMBO BAG DOILEY PATTERNS,5,2023-05-28 09:36:00,2.08,12653,United Kingdom
536066,21212,PACK OF 72 RETROSPOT CAKE CASES,6,2023-03-16 12:02:00,0.55,14787,Germany
536066,20725,LUNCH BAG RED RETROSPOT,8,2023-12-02 12:47:00,1.65,16729,United Kingdom
536066,22086,PAPER CHAIN KIT 50'S CHRISTMAS,5,2023-10-15 12:08:00,2.95,12260,United Kingdom
536066,21931,JUMBO STORAGE BAG SUKI,4,2023-05-05 08:42:00,2.08,13866,United Kingdom
536066,84879,ASSORTED COLOUR BIRD ORNAMENT,1,2023-02-21 14:21:00,1.69,14962,United Kingdom
536067,47566,PARTY BUNTING,1,2023-10-09 10:26:00,4.95,14962,United Kingdom
536067,84879,ASSORTED COLOUR BIRD ORNAMENT,5,2023-06-14 12:41:00,1.69,12839,Germany
536067,22411,JUMBO SHOPPER VINTAGE RED PAISLEY,10,2023-04-29 16:47:00,2.08,14006,France
536067,21212,PACK OF 72 RETROSPOT CAKE CASES,3,2023-01-19 14:50:00,0.55,17771,United Kingdom
536067,23203,JUMBO BAG DOILEY PATTERNS,5,2023-01-20 08:19:00,2.08,15113,United Kingdom
536068,20725,LUNCH BAG RED RETROSPOT,5,2023-08-21 18:34:00,1.65,13866,United Kingdom
536068,47566,PARTY BUNTING,9,2023-08-28 12:12:00,4.95,12244,United Kingdom
536068,23203,JUMBO BAG DOILEY PATTERNS,8,2023-11-28 12:45:00,2.08,17865,United Kingdom
536068,20725,LUNCH BAG RED RETROSPOT,5,2023-10-18 18:48:00,1.65,17323,United Kingdom
536068,22411,JUMBO SHOPPER VINTAGE RED PAISLEY,7,2023-08-07 16:20:00,2.08,16837,United Kingdom
536069,85123A,WHITE HANGING HEART T-LIGHT HOLDER,3,2023-03-13 15:20:00,2.95,14278,United Kingdom
536069,21212,PACK OF 72 RETROSPOT CAKE CASES,4,2023-08-17 12:21:00,0.55,13273,United Kingdom
536069,21931,JUMBO STORAGE BAG SUKI,1,2023-05-14 18:23:00,2.08,16827,United Kingdom
536069,85123A,WHITE HANGING HEART T-LIGHT HOLDER,8,2023-06-07 10:25:00,2.95,12569,Spain
536069,23203,JUMBO BAG DOILEY PATTERNS,2,2023-11-24 12:23:00,2.08,15032,United Kingdom
536070,47566,PARTY BUNTING,8,2023-03-20 15:47:00,4.95,13332,United Kingdom
536070,23203,JUMBO BAG DOILEY PATTERNS,9,2023-08-30 16:51:00,2.08,15436,United Kingdom
536070,22411,JUMBO SHOPPER VINTAGE RED PAISLEY,10,2023-02-11 16:28:00,2.08,13866,United Kingdom
536070,85123A,WHITE HANGING HEART T-LIGHT HOLDER,10,2023-02-27 08:53:00,2.95,13907,EIRE
536070,21931,JUMBO STORAGE BAG SUKI,9,2023-03-18 10:20:00,2.08,17417,United Kingdom
536071,22411,JUMBO SHOPPER VINTAGE RED PAISLEY,4,2023-10-26 15:05:00,2.08,12375,United Kingdom
536071,22423,REGENCY CAKESTAND 3 TIER,8,2023-03-09 16:26:00,12.75,17149,United Kingdom
536071,22086,PAPER CHAIN KIT 50'S CHRISTMAS,8,2023-12-11 12:46:00,2.95,12204,United Kingdom
536071,22423,REGENCY CAKESTAND 3 TIER,12,2023-04-22 17:04:00,12.75,13828,United Kingdom
536071,23203,JUMBO BAG DOILEY PATTERNS,2,2023-10-05 08:59:00,2.08,17543,Switzerland
536072,22423,REGENCY CAKESTAND 3 TIER,5,2023-07-29 10:49:00,12.75,13905,United Kingdom
536072,23203,JUMBO BAG DOILEY PATTERNS,11,2023-08-04 13:57:00,2.08,14166,United Kingdom
536072,21212,PACK OF 72 RETROSPOT CAKE CASES,7,2023-02-11 18:42:00,0.55,12653,United Kingdom
536072,20725,LUNCH BAG RED RETROSPOT,2,2023-04-02 16:25:00,1.65,13866,United Kingdom
536072,84879,ASSORTED COLOUR BIRD ORNAMENT,1,2023-01-12 12:29:00,1.69,12653,United Kingdom
536073,21212,PACK OF 72 RETROSPOT CAKE CASES,4,2023-05-07 15:22:00,0.55,16931,United Kingdom
536073,23203,JUMBO BAG DOILEY PATTERNS,2,2023-01-17 18:26:00,2.08,15032,United Kingdom
536073,22423,REGENCY CAKESTAND 3 TIER,4,2023-04-16 09:06:00,12.75,14988,United Kingdom
536073,21931,JUMBO STORAGE BAG SUKI,11,2023-12-27 08:15:00,2.08,13828,United Kingdom
536073,84879,ASSORTED COLOUR BIRD ORNAMENT,9,2023-04-22 08:08:00,1.69,12569,EIRE
536074,23203,JUMBO BAG DOILEY PATTERNS,10,2023-06-13 17:38:00,2.08,12837,United Kingdom
536074,47566,PARTY BUNTING,11,2023-09-24 11:26:00,4.95,13273,United Kingdom
536074,22086,PAPER CHAIN KIT 50'S CHRISTMAS,10,2023-03-31 18:43:00,2.95,15100,United Kingdom
536074,22423,REGENCY CAKESTAND 3 TIER,6,2023-11-26 18:24:00,12.75,13866,United Kingdom
536074,21212,PACK OF 72 RETROSPOT CAKE CASES,7,2023-03-18 12:24:00,0.55,17865,United Kingdom
536075,22383,LUNCH BAG SUKI DESIGN,4,2023-04-26 12:54:00,1.65,16139,United Kingdom
536075,22086,PAPER CHAIN KIT 50'S CHRISTMAS,7,2023-08-02 16:33:00,2.95,13905,United Kingdom
536075,22720,SET OF 3 CAKE TINS PANTRY DESIGN,4,2023-06-19 18:05:00,4.95,14401,Germany
536075,22086,PAPER CHAIN KIT 50'S CHRISTMAS,12,2023-04-08 08:17:00,2.95,14166,United Kingdom
536075,21931,JUMBO STORAGE BAG SUKI,1,2023-02-07 11:51:00,2.08,17207,United Kingdom
536076,22086,PAPER CHAIN KIT 50'S CHRISTMAS,4,2023-09-03 11:55:00,2.95,12759,United Kingdom
536076,22423,REGENCY CAKESTAND 3 TIER,4,2023-04-08 09:47:00,12.75,16729,EIRE
536076,21212,PACK OF 72 RETROSPOT CAKE CASES,4,2023-10-10 13:49:00,0.55,14787,United Kingdom
536076,22086,PAPER CHAIN KIT 50'S CHRISTMAS,11,2023-07-03 12:16:00,2.95,14817,United Kingdom
536076,22383,LUNCH BAG SUKI DESIGN,8,2023-02-20 15:48:00,1.65,14757,Netherlands
536077,20725,LUNCH BAG RED RETROSPOT,7,2023-01-24 17:55:00,1.65,13805,United Kingdom
536077,22423,REGENCY CAKESTAND 3 TIER,5,2023-10-11 17:37:00,12.75,13022,United Kingdom
536077,84879,ASSORTED COLOUR BIRD ORNAMENT,6,2023-04-28 14:36:00,1.69,14278,United Kingdom
536077,22411,JUMBO SHOPPER VINTAGE RED PAISLEY,11,2023-06-22 12:48:00,2.08,13575,Switzerland
536077,22383,LUNCH BAG SUKI DESIGN,3,2023-06-30 10:08:00,1.65,12653,United Kingdom
536078,22086,PAPER CHAIN KIT 50'S CHRISTMAS,11,2023-01-31 16:02:00,2.95,16467,United Kingdom
536078,22423,REGENCY CAKESTAND 3 TIER,7,2023-03-12 18:14:00,12.75,17543,United Kingdom
536078,22423,REGENCY CAKESTAND 3 TIER,4,2023-09-16 15:23:00,12.75,12839,United Kingdom
536078,22411,JUMBO SHOPPER VINTAGE RED PAISLEY,10,2023-09-05 18:31:00,2.08,12204,United Kingdom
536078,22086,PAPER CHAIN KIT 50'S CHRISTMAS,7,2023-01-07 08:33:00,2.95,15462,United Kingdom
536079,22720,SET OF 3 CAKE TINS PANTRY DESIGN,1,2023-09-15 18:27:00,4.95,13628,United Kingdom
536079,85123A,WHITE HANGING HEART T-LIGHT HOLDER,9,2023-03-18 11:12:00,2.95,14910,United Kingdom
536079,20725,LUNCH BAG RED RETROSPOT,5,2023-07-23 09:23:00,1.65,15763,United Kingdom
536079,84879,ASSORTED COLOUR BIRD ORNAMENT,12,2023-04-26 12:43:00,1.69,12712,United Kingdom
536079,22411,JUMBO SHOPPER VINTAGE RED PAISLEY,1,2023-02-17 14:24:00,2.08,14166,United Kingdom
536080,22423,REGENCY CAKESTAND 3 TIER,11,2023-01-05 10:05:00,12.75,17771,Netherlands
536080,21931,JUMBO STORAGE BAG SUKI,2,2023-09-28 08:14:00,2.08,15436,Switzerland
536080,22720,SET OF 3 CAKE TINS PANTRY DESIGN,1,2023-02-08 18:59:00,4.95,15462,United Kingdom
536080,47566,PARTY BUNTING,6,2023-01-09 11:37:00,4.95,16139,United Kingdom
536080,23203,JUMBO BAG DOILEY PATTERNS,7,2023-02-09 12:10:00,2.08,15113,United Kingdom
536081,21212,PACK OF 72 RETROSPOT CAKE CASES,11,2023-10-04 13:24:00,0.55,13905,United Kingdom
536081,23203,JUMBO BAG DOILEY PATTERNS,12,2023-02-10 16:47:00,2.08,12792,United Kingdom
536081,21212,PACK OF 72 RETROSPOT CAKE CASES,4,2023-02-08 13:38:00,0.55,15032,Belgium
536081,20725,LUNCH BAG RED RETROSPOT,1,2023-11-21 12:50:00,1.65,14401,United Kingdom
536081,20725,LUNCH BAG RED RETROSPOT,9,2023-07-12 14:11:00,1.65,15714,United Kingdom
536082,85123A,WHITE HANGING HEART T-LIGHT HOLDER,10,2023-06-01 11:45:00,2.95,16467,United Kingdom
536082,47566,PARTY BUNTING,7,2023-11-21 10:47:00,4.95,12355,United Kingdom
536082,85123A,WHITE HANGING HEART T-LIGHT HOLDER,2,2023-01-03 12:28:00,2.95,14817,United Kingdom
536082,85123A,WHITE HANGING HEART T-LIGHT HOLDER,3,2023-02-14 10:27:00,2.95,14401,United Kingdom
536082,22086,PAPER CHAIN KIT 50'S CHRISTMAS,7,2023-02-22 08:05:00,2.95,14940,United Kingdom
536083,21931,JUMBO STORAGE BAG SUKI,10,2023-06-16 14:00:00,2.08,14276,United Kingdom
536083,85123A,WHITE HANGING HEART T-LIGHT HOLDER,12,2023-10-14 11:36:00,2.95,17417,United Kingdom
536083,21212,PACK OF 72 RETROSPOT CAKE CASES,3,2023-03-13 12:19:00,0.55,17719,United Kingdom
536083,85123A,WHITE HANGING HEART T-LIGHT HOLDER,3,2023-08-11 12:26:00,2.95,13273,United Kingdom
536083,85123A,WHITE HANGING HEART T-LIGHT HOLDER,6,2023-05-09 11:46:00,2.95,17771,United Kingdom
536084,84879,ASSORTED COLOUR BIRD ORNAMENT,8,2023-02-24 10:19:00,1.69,17238,Netherlands
536084,21931,JUMBO STORAGE BAG SUKI,7,2023-06-18 15:21:00,2.08,12645,France
536084,22720,SET OF 3 CAKE TINS PANTRY DESIGN,6,2023-11-05 11:30:00,4.95,14757,United Kingdom
536084,21212,PACK OF 72 RETROSPOT CAKE CASES,6,2023-05-30 18:31:00,0.55,14277,United Kingdom
536084,20725,LUNCH BAG RED RETROSPOT,7,2023-05-24 14:23:00,1.65,12244,EIRE
536085,21931,JUMBO STORAGE BAG SUKI,9,2023-04-03 18:49:00,2.08,13907,United Kingdom
536085,23203,JUMBO BAG DOILEY PATTERNS,8,2023-04-18 15:51:00,2.08,14276,Germany
536085,21212,PACK OF 72 RETROSPOT CAKE CASES,11,2023-09-13 10:40:00,0.55,13273,United Kingdom
536085,22411,JUMBO SHOPPER VINTAGE RED PAISLEY,3,2023-08-05 14:04:00,2.08,14401,Switzerland
536085,21931,JUMBO STORAGE BAG SUKI,7,2023-10-01 16:59:00,2.08,13022,United Kingdom
536086,20725,LUNCH BAG RED RETROSPOT,12,2023-10-02 17:40:00,1.65,12712,United Kingdom
536086,84879,ASSORTED COLOUR BIRD ORNAMENT,11,2023-12-07 13:10:00,1.69,15032,United Kingdom
536086,22411,JUMBO SHOPPER VINTAGE RED PAISLEY,11,2023-11-28 14:48:00,2.08,12759,Belgium
536086,85123A,WHITE HANGING HEART T-LIGHT HOLDER,1,2023-02-20 12:14:00,2.95,12375,United Kingdom
536086,22086,PAPER CHAIN KIT 50'S CHRISTMAS,10,2023-12-19 17:14:00,2.95,14401,United Kingdom
536087,22383,LUNCH BAG SUKI DESIGN,11,2023-10-29 16:09:00,1.65,12792,Switzerland
536087,85123A,WHITE HANGING HEART T-LIGHT HOLDER,5,2023-08-01 09:07:00,2.95,16139,United Kingdom
536087,20725,LUNCH BAG RED RETROSPOT,8,2023-04-16 16:30:00,1.65,12792,United Kingdom
536087,22383,LUNCH BAG SUKI DESIGN,12,2023-12-23 15:20:00,1.65,17543,United Kingdom
536087,23203,JUMBO BAG DOILEY PATTERNS,2,2023-01-12 13:41:00,2.08,12260,United Kingdom
536088,47566,PARTY BUNTING,12,2023-05-05 16:11:00,4.95,13907,United Kingdom
536088,22086,PAPER CHAIN KIT 50'S CHRISTMAS,7,2023-08-25 11:51:00,2.95,15763,United Kingdom
536088,47566,PARTY BUNTING,11,2023-12-03 14:25:00,4.95,14253,United Kingdom
536088,84879,ASSORTED COLOUR BIRD ORNAMENT,8,2023-10-31 14:24:00,1.69,17238,United Kingdom
536088,84879,ASSORTED COLOUR BIRD ORNAMENT,5,2023-12-27 09:36:00,1.69,12260,United Kingdom
536089,22086,PAPER CHAIN KIT 50'S CHRISTMAS,3,2023-07-07 13:12:00,2.95,17149,United Kingdom
536089,22411,JUMBO SHOPPER VINTAGE RED PAISLEY,8,2023-09-28 18:20:00,2.08,14988,United Kingdom
536089,21212,PACK OF 72 RETROSPOT CAKE CASES,10,2023-02-28 13:22:00,0.55,17149,United Kingdom
536089,22411,JUMBO SHOPPER VINTAGE RED PAISLEY,12,2023-06-02 17:37:00,2.08,12712,United Kingdom
536089,20725,LUNCH BAG RED RETROSPOT,2,2023-05-03 12:07:00,1.65,17865,United Kingdom
536090,47566,PARTY BUNTING,9,2023-07-18 14:38:00,4.95,13905,United Kingdom
536090,21212,PACK OF 72 RETROSPOT CAKE CASES,3,2023-09-07 18:34:00,0.55,13628,United Kingdom
536090,22383,LUNCH BAG SUKI DESIGN,5,2023-03-13 10:20:00,1.65,14401,United Kingdom
536090,20725,LUNCH BAG RED RETROSPOT,1,2023-09-06 10:12:00,1.65,12355,Australia
536090,22411,JUMBO SHOPPER VINTAGE RED PAISLEY,8,2023-07-29 18:31:00,2.08,13022,United Kingdom
536091,22383,LUNCH BAG SUKI DESIGN,8,2023-03-27 09:36:00,1.65,14253,United Kingdom
536091,84879,ASSORTED COLOUR BIRD ORNAMENT,5,2023-01-17 12:14:00,1.69,14370,United Kingdom
536091,22383,LUNCH BAG SUKI DESIGN,10,2023-09-11 16:32:00,1.65,12244,United Kingdom
536091,22720,SET OF 3 CAKE TINS PANTRY DESIGN,9,2023-07-07 16:52:00,4.95,13828,United Kingdom
536091,22383,LUNCH BAG SUKI DESIGN,9,2023-04-22 14:06:00,1.65,14278,United Kingdom
536092,22423,REGENCY CAKESTAND 3 TIER,8,2023-05-15 13:55:00,12.75,16837,United Kingdom
536092,85123A,WHITE HANGING HEART T-LIGHT HOLDER,4,2023-04-18 17:44:00,2.95,12792,Belgium
536092,47566,PARTY BUNTING,10,2023-03-13 11:52:00,4.95,16464,Netherlands
536092,22086,PAPER CHAIN KIT 50'S CHRISTMAS,5,2023-11-02 16:10:00,2.95,12837,Spain
536092,22720,SET OF 3 CAKE TINS PANTRY DESIGN,10,2023-05-17 16:57:00,4.95,15456,United Kingdom
536093,21212,PACK OF 72 RETROSPOT CAKE CASES,1,2023-05-22 18:08:00,0.55,13791,United Kingdom
536093,23203,JUMBO BAG DOILEY PATTERNS,6,2023-05-07 18:25:00,2.08,13575,United Kingdom
536093,22411,JUMBO SHOPPER VINTAGE RED PAISLEY,5,2023-11-18 14:24:00,2.08,14401,United Kingdom
536093,85123A,WHITE HANGING HEART T-LIGHT HOLDER,7,2023-09-21 12:44:00,2.95,16945,United Kingdom
536093,22383,LUNCH BAG SUKI DESIGN,6,2023-10-25 08:55:00,1.65,16837,United Kingdom
536094,22383,LUNCH BAG SUKI DESIGN,11,2023-12-07 13:54:00,1.65,17543,United Kingdom
536094,21212,PACK OF 72 RETROSPOT CAKE CASES,4,2023-08-08 11:31:00,0.55,17719,United Kingdom
536094,22720,SET OF 3 CAKE TINS PANTRY DESIGN,6,2023-10-08 17:08:00,4.95,15113,Netherlands
536094,22411,JUMBO SHOPPER VINTAGE RED PAISLEY,1,2023-01-24 09:40:00,2.08,17149,United Kingdom
536094,47566,PARTY BUNTING,8,2023-08-22 08:27:00,4.95,17745,France
536095,22411,JUMBO SHOPPER VINTAGE RED PAISLEY,5,2023-03-23 12:05:00,2.08,14817,United Kingdom
536095,20725,LUNCH BAG RED RETROSPOT,11,2023-11-29 10:03:00,1.65,17977,United Kingdom
536095,23203,JUMBO BAG DOILEY PATTERNS,12,2023-04-30 14:41:00,2.08,16837,United Kingdom
536095,22423,REGENCY CAKESTAND 3 TIER,4,2023-09-02 09:08:00,12.75,17207,United Kingdom
536095,22411,JUMBO SHOPPER VINTAGE RED PAISLEY,8,2023-01-05 08:44:00,2.08,15112,Belgium
536096,23203,JUMBO BAG DOILEY PATTERNS,3,2023-09-02 09:14:00,2.08,12355,United Kingdom
536096,85123A,WHITE HANGING HEART T-LIGHT HOLDER,2,2023-06-10 13:56:00,2.95,13273,United Kingdom
536096,47566,PARTY BUNTING,11,2023-12-13 10:04:00,4.95,13866,United Kingdom
536096,21931,JUMBO STORAGE BAG SUKI,11,2023-03-26 15:22:00,2.08,15436,United Kingdom
536096,47566,PARTY BUNTING,7,2023-11-12 18:28:00,4.95,15436,United Kingdom
536097,85123A,WHITE HANGING HEART T-LIGHT HOLDER,3,2023-03-05 17:46:00,2.95,12355,United Kingdom
536097,21212,PACK OF 72 RETROSPOT CAKE CASES,6,2023-03-13 11:17:00,0.55,12712,United Kingdom
536097,21931,JUMBO STORAGE BAG SUKI,10,2023-11-08 12:49:00,2.08,14253,Spain
536097,84879,ASSORTED COLOUR BIRD ORNAMENT,9,2023-11-07 16:12:00,1.69,17977,United Kingdom
536097,22423,REGENCY CAKESTAND 3 TIER,4,2023-09-11 14:07:00,12.75,16827,United Kingdom
536098,21931,JUMBO STORAGE BAG SUKI,2,2023-09-28 08:23:00,2.08,14757,United Kingdom
536098,21931,JUMBO STORAGE BAG SUKI,7,2023-07-07 16:43:00,2.08,13628,United Kingdom
536098,85123A,WHITE HANGING HEART T-LIGHT HOLDER,1,2023-10-28 09:00:00,2.95,13307,United Kingdom
536098,22423,REGENCY CAKESTAND 3 TIER,7,2023-09-17 12:40:00,12.75,12569,United Kingdom
536098,21212,PACK OF 72 RETROSPOT CAKE CASES,12,2023-07-25 09:40:00,0.55,14370,United Kingdom
536099,47566,PARTY BUNTING,5,2023-02-12 12:05:00,4.95,12375,France
536099,22086,PAPER CHAIN KIT 50'S CHRISTMAS,6,2023-07-20 17:40:00,2.95,17543,United Kingdom
536099,21212,PACK OF 72 RETROSPOT CAKE CASES,12,2023-05-03 08:15:00,0.55,16837,Germany
536099,22383,LUNCH BAG SUKI DESIGN,10,2023-11-08 08:19:00,1.65,13628,United Kingdom
536099,23203,JUMBO BAG DOILEY PATTERNS,3,2023-12-26 08:10:00,2.08,17771,Australia
536100,22086,PAPER CHAIN KIT 50'S CHRISTMAS,12,2023-05-13 10:23:00,2.95,13791,United Kingdom
536100,22720,SET OF 3 CAKE TINS PANTRY DESIGN,12,2023-03-02 08:21:00,4.95,15100,United Kingdom
536100,85123A,WHITE HANGING HEART T-LIGHT HOLDER,5,2023-10-23 18:04:00,2.95,17771,United Kingdom
536100,20725,LUNCH BAG RED RETROSPOT,1,2023-09-13 17:10:00,1.65,16945,United Kingdom
536100,85123A,WHITE HANGING HEART T-LIGHT HOLDER,10,2023-12-12 09:14:00,2.95,12375,United Kingdom
536101,22423,REGENCY CAKESTAND 3 TIER,4,2023-01-24 15:23:00,12.75,12355,France
536101,22423,REGENCY CAKESTAND 3 TIER,9,2023-12-02 14:14:00,12.75,12837,United Kingdom
536101,23203,JUMBO BAG DOILEY PATTERNS,6,2023-05-19 09:36:00,2.08,16945,United Kingdom
536101,22411,JUMBO SHOPPER VINTAGE RED PAISLEY,1,2023-04-02 11:51:00,2.08,17417,Belgium
536101,85123A,WHITE HANGING HEART T-LIGHT HOLDER,8,2023-05-25 12:20:00,2.95,16837,United Kingdom
536102,22423,REGENCY CAKESTAND 3 TIER,6,2023-04-13 12:36:00,12.75,13273,United Kingdom
536102,84879,ASSORTED COLOUR BIRD ORNAMENT,8,2023-07-08 17:31:00,1.69,17745,United Kingdom
536102,22086,PAPER CHAIN KIT 50'S CHRISTMAS,4,2023-03-19 08:59:00,2.95,16392,United Kingdom
536102,22086,PAPER CHAIN KIT 50'S CHRISTMAS,6,2023-11-22 08:21:00,2.95,17238,United Kingdom
536102,21212,PACK OF 72 RETROSPOT CAKE CASES,12,2023-06-07 09:13:00,0.55,13866,Belgium
536103,22383,LUNCH BAG SUKI DESIGN,1,2023-03-14 12:05:00,1.65,13828,Australia
536103,21212,PACK OF 72 RETROSPOT CAKE CASES,12,2023-07-10 15:47:00,0.55,12712,United Kingdom
536103,22086,PAPER CHAIN KIT 50'S CHRISTMAS,3,2023-11-23 14:04:00,2.95,17207,United Kingdom
536103,21212,PACK OF 72 RETROSPOT CAKE CASES,11,2023-03-08 11:18:00,0.55,13307,Belgium
536103,23203,JUMBO BAG DOILEY PATTERNS,12,2023-06-17 13:28:00,2.08,17719,United Kingdom
536104,84879,ASSORTED COLOUR BIRD ORNAMENT,3,2023-10-27 09:09:00,1.69,12260,United Kingdom
536104,22383,LUNCH BAG SUKI DESIGN,6,2023-07-28 09:34:00,1.65,14940,EIRE
536104,22383,LUNCH BAG SUKI DESIGN,5,2023-08-26 12:54:00,1.65,12767,United Kingdom
536104,22411,JUMBO SHOPPER VINTAGE RED PAISLEY,5,2023-12-27 17:02:00,2.08,15436,Netherlands
536104,47566,PARTY BUNTING,2,2023-05-08 13:25:00,4.95,12375,United Kingdom
536105,22720,SET OF 3 CAKE TINS PANTRY DESIGN,5,2023-03-31 08:25:00,4.95,14401,United Kingdom
536105,22086,PAPER CHAIN KIT 50'S CHRISTMAS,4,2023-02-18 15:06:00,2.95,13905,United Kingdom
536105,22423,REGENCY CAKESTAND 3 TIER,4,2023-03-08 11:52:00,12.75,15763,United Kingdom
536105,22411,JUMBO SHOPPER VINTAGE RED PAISLEY,11,2023-02-13 17:37:00,2.08,13307,Germany
536105,22423,REGENCY CAKESTAND 3 TIER,2,2023-04-12 18:28:00,12.75,13791,United Kingdom
536106,20725,LUNCH BAG RED RETROSPOT,2,2023-01-22 15:03:00,1.65,16597,Belgium
536106,23203,JUMBO BAG DOILEY PATTERNS,7,2023-09-12 08:24:00,2.08,15100,United Kingdom
536106,84879,ASSORTED COLOUR BIRD ORNAMENT,3,2023-05-21 12:28:00,1.69,16931,United Kingdom
536106,21931,JUMBO STORAGE BAG SUKI,10,2023-05-06 18:18:00,2.08,17771,United Kingdom
536106,22086,PAPER CHAIN KIT 50'S CHRISTMAS,8,2023-02-01 09:17:00,2.95,12355,United Kingdom
536107,84879,ASSORTED COLOUR BIRD ORNAMENT,11,2023-09-27 11:40:00,1.69,12653,United Kingdom
536107,21212,PACK OF 72 RETROSPOT CAKE CASES,12,2023-07-03 15:34:00,0.55,13575,United Kingdom
536107,21931,JUMBO STORAGE BAG SUKI,9,2023-06-14 14:17:00,2.08,17865,United Kingdom
536107,21931,JUMBO STORAGE BAG SUKI,4,2023-01-16 12:03:00,2.08,14962,United Kingdom
536107,21931,JUMBO STORAGE BAG SUKI,4,2023-03-23 09:15:00,2.08,16827,United Kingdom
536108,23203,JUMBO BAG DOILEY PATTERNS,1,2023-04-23 17:54:00,2.08,12355,United Kingdom
536108,47566,PARTY BUNTING,3,2023-05-02 17:20:00,4.95,14940,United Kingdom
536108,23203,JUMBO BAG DOILEY PATTERNS,12,2023-06-30 17:36:00,2.08,16139,United Kingdom
536108,84879,ASSORTED COLOUR BIRD ORNAMENT,8,2023-10-05 12:11:00,1.69,13575,United Kingdom
536108,22423,REGENCY CAKESTAND 3 TIER,4,2023-11-05 11:01:00,12.75,13866,United Kingdom
536109,20725,LUNCH BAG RED RETROSPOT,10,2023-04-14 10:21:00,1.65,13628,Netherlands
536109,22423,REGENCY CAKESTAND 3 TIER,1,2023-03-17 17:45:00,12.75,16139,United Kingdom
536109,22086,PAPER CHAIN KIT 50'S CHRISTMAS,6,2023-02-07 13:45:00,2.95,17977,United Kingdom
536109,20725,LUNCH BAG RED RETROSPOT,5,2023-06-15 10:10:00,1.65,12645,United Kingdom
536109,22383,LUNCH BAG SUKI DESIGN,11,2023-06-12 10:45:00,1.65,12827,United Kingdom
536110,21931,JUMBO STORAGE BAG SUKI,6,2023-04-25 18:37:00,2.08,13628,United Kingdom
536110,23203,JUMBO BAG DOILEY PATTERNS,12,2023-05-31 10:11:00,2.08,17238,Belgium
536110,21931,JUMBO STORAGE BAG SUKI,1,2023-04-04 17:20:00,2.08,15032,United Kingdom
536110,21931,JUMBO STORAGE BAG SUKI,2,2023-09-12 10:21:00,2.08,16467,United Kingdom
536110,20725,LUNCH BAG RED RETROSPOT,3,2023-11-22 09:52:00,1.65,12759,United Kingdom
536111,22720,SET OF 3 CAKE TINS PANTRY DESIGN,4,2023-05-08 09:22:00,4.95,12053,United Kingdom
536111,23203,JUMBO BAG DOILEY PATTERNS,1,2023-01-25 14:28:00,2.08,13022,Belgium
536111,22383,LUNCH BAG SUKI DESIGN,7,2023-06-29 16:24:00,1.65,15456,EIRE
536111,47566,PARTY BUNTING,8,2023-02-07 08:18:00,4.95,12204,United Kingdom
536111,85123A,WHITE HANGING HEART T-LIGHT HOLDER,2,2023-06-25 10:56:00,2.95,14166,United Kingdom
536112,85123A,WHITE HANGING HEART T-LIGHT HOLDER,9,2023-02-17 13:38:00,2.95,15032,United Kingdom
536112,21212,PACK OF 72 RETROSPOT CAKE CASES,11,2023-03-26 17:56:00,0.55,12645,United Kingdom
536112,85123A,WHITE HANGING HEART T-LIGHT HOLDER,6,2023-04-16 11:26:00,2.95,13907,United Kingdom
536112,23203,JUMBO BAG DOILEY PATTERNS,9,2023-05-16 18:18:00,2.08,13273,United Kingdom
536112,22423,REGENCY CAKESTAND 3 TIER,7,2023-10-20 16:53:00,12.75,13575,United Kingdom
536113,20725,LUNCH BAG RED RETROSPOT,1,2023-08-07 09:18:00,1.65,14988,United Kingdom
536113,85123A,WHITE HANGING HEART T-LIGHT HOLDER,1,2023-04-16 10:40:00,2.95,14276,Switzerland
536113,85123A,WHITE HANGING HEART T-LIGHT HOLDER,5,2023-07-23 15:31:00,2.95,13307,United Kingdom
536113,22086,PAPER CHAIN KIT 50'S CHRISTMAS,7,2023-04-05 13:56:00,2.95,14166,United Kingdom
536113,22383,LUNCH BAG SUKI DESIGN,1,2023-05-15 15:29:00,1.65,13307,United Kingdom
536114,22720,SET OF 3 CAKE TINS PANTRY DESIGN,10,2023-02-01 10:48:00,4.95,15456,United Kingdom
536114,20725,LUNCH BAG RED RETROSPOT,9,2023-07-31 17:14:00,1.65,13907,United Kingdom
536114,21212,PACK OF 72 RETROSPOT CAKE CASES,9,2023-08-03 16:43:00,0.55,14962,United Kingdom
536114,84879,ASSORTED COLOUR BIRD ORNAMENT,8,2023-06-03 09:25:00,1.69,14006,United Kingdom
536114,22086,PAPER CHAIN KIT 50'S CHRISTMAS,10,2023-12-13 17:09:00,2.95,12767,Switzerland
536115,47566,PARTY BUNTING,3,2023-04-19 11:08:00,4.95,13828,United Kingdom
536115,22411,JUMBO SHOPPER VINTAGE RED PAISLEY,7,2023-04-14 18:09:00,2.08,14988,United Kingdom
536115,23203,JUMBO BAG DOILEY PATTERNS,2,2023-02-14 14:35:00,2.08,17977,United Kingdom
536115,22720,SET OF 3 CAKE TINS PANTRY DESIGN,9,2023-08-23 08:50:00,4.95,14910,United Kingdom
536115,21212,PACK OF 72 RETROSPOT CAKE CASES,2,2023-08-01 10:09:00,0.55,15113,United Kingdom
536116,85123A,WHITE HANGING HEART T-LIGHT HOLDER,2,2023-10-16 09:50:00,2.95,14787,Netherlands
536116,21212,PACK OF 72 RETROSPOT CAKE CASES,5,2023-07-16 18:31:00,0.55,14277,United Kingdom
536116,22423,REGENCY CAKESTAND 3 TIER,3,2023-05-22 14:09:00,12.75,14910,United Kingdom
536116,23203,JUMBO BAG DOILEY PATTERNS,7,2023-01-20 14:56:00,2.08,12759,United Kingdom
536116,22423,REGENCY CAKESTAND 3 TIER,12,2023-09-01 12:57:00,12.75,16945,United Kingdom
536117,22720,SET OF 3 CAKE TINS PANTRY DESIGN,5,2023-05-24 15:54:00,4.95,15456,EIRE
536117,47566,PARTY BUNTING,5,2023-08-15 13:17:00,4.95,13022,United Kingdom
536117,85123A,WHITE HANGING HEART T-LIGHT HOLDER,4,2023-08-15 11:58:00,2.95,16392,United Kingdom
536117,22086,PAPER CHAIN KIT 50'S CHRISTMAS,6,2023-01-29 16:50:00,2.95,12217,United Kingdom
536117,23203,JUMBO BAG DOILEY PATTERNS,9,2023-07-26 10:49:00,2.08,13866,United Kingdom
536118,47566,PARTY BUNTING,4,2023-04-13 08:15:00,4.95,14006,United Kingdom
536118,20725,LUNCH BAG RED RETROSPOT,12,2023-04-12 12:23:00,1.65,17066,United Kingdom
536118,22411,JUMBO SHOPPER VINTAGE RED PAISLEY,2,2023-12-15 08:15:00,2.08,16945,United Kingdom
536118,22383,LUNCH BAG SUKI DESIGN,3,2023-08-31 17:35:00,1.65,12792,United Kingdom
536118,22720,SET OF 3 CAKE TINS PANTRY DESIGN,12,2023-12-19 09:18:00,4.95,14253,United Kingdom
536119,47566,PARTY BUNTING,10,2023-04-20 11:41:00,4.95,13805,United Kingdom
536119,22720,SET OF 3 CAKE TINS PANTRY DESIGN,11,2023-07-29 16:01:00,4.95,12912,United Kingdom
536119,47566,PARTY BUNTING,11,2023-03-30 17:51:00,4.95,12912,United Kingdom
536119,21931,JUMBO STORAGE BAG SUKI,5,2023-11-26 12:27:00,2.08,14166,Switzerland
536119,22720,SET OF 3 CAKE TINS PANTRY DESIGN,4,2023-08-27 12:43:00,4.95,17417,Belgium
